grid_id,hour,bikes,center_lat,center_lon
808,0,0.0,55.9513873423423,-3.1147622683261886
808,1,0.0,55.9513873423423,-3.1147622683261886
808,2,0.0,55.9513873423423,-3.1147622683261886
808,3,0.0,55.9513873423423,-3.1147622683261886
808,4,0.0,55.9513873423423,-3.1147622683261886
808,5,0.0,55.9513873423423,-3.1147622683261886
808,6,0.0,55.9513873423423,-3.1147622683261886
808,7,0.0,55.9513873423423,-3.1147622683261886
808,8,0.0,55.9513873423423,-3.1147622683261886
808,9,0.0,55.9513873423423,-3.1147622683261886
808,10,0.0,55.9513873423423,-3.1147622683261886
808,11,0.0,55.9513873423423,-3.1147622683261886
808,12,0.0,55.9513873423423,-3.1147622683261886
808,13,0.0,55.9513873423423,-3.1147622683261886
808,14,0.0,55.9513873423423,-3.1147622683261886
808,15,0.0,55.9513873423423,-3.1147622683261886
808,16,0.0,55.9513873423423,-3.1147622683261886
808,17,0.0,55.9513873423423,-3.1147622683261886
808,18,0.0,55.9513873423423,-3.1147622683261886
808,19,0.0,55.9513873423423,-3.1147622683261886
808,20,0.0,55.9513873423423,-3.1147622683261886
808,21,0.0,55.9513873423423,-3.1147622683261886
808,22,0.0,55.9513873423423,-3.1147622683261886
808,23,0.0,55.9513873423423,-3.1147622683261886
797,0,26.0,55.9513873423423,-3.2031969306915196
797,1,0.0,55.9513873423423,-3.2031969306915196
797,2,0.0,55.9513873423423,-3.2031969306915196
797,3,0.0,55.9513873423423,-3.2031969306915196
797,4,0.0,55.9513873423423,-3.2031969306915196
797,5,0.0,55.9513873423423,-3.2031969306915196
797,6,0.0,55.9513873423423,-3.2031969306915196
797,7,0.0,55.9513873423423,-3.2031969306915196
797,8,0.0,55.9513873423423,-3.2031969306915196
797,9,0.0,55.9513873423423,-3.2031969306915196
797,10,0.0,55.9513873423423,-3.2031969306915196
797,11,0.0,55.9513873423423,-3.2031969306915196
797,12,0.0,55.9513873423423,-3.2031969306915196
797,13,0.0,55.9513873423423,-3.2031969306915196
797,14,0.0,55.9513873423423,-3.2031969306915196
797,15,0.0,55.9513873423423,-3.2031969306915196
797,16,0.0,55.9513873423423,-3.2031969306915196
797,17,0.0,55.9513873423423,-3.2031969306915196
797,18,0.0,55.9513873423423,-3.2031969306915196
797,19,0.0,55.9513873423423,-3.2031969306915196
797,20,0.0,55.9513873423423,-3.2031969306915196
797,21,0.0,55.9513873423423,-3.2031969306915196
797,22,0.0,55.9513873423423,-3.2031969306915196
797,23,0.0,55.9513873423423,-3.2031969306915196
994,0,0.0,55.97390986486482,-3.1871179011705504
994,1,0.0,55.97390986486482,-3.1871179011705504
994,2,0.0,55.97390986486482,-3.1871179011705504
994,3,0.0,55.97390986486482,-3.1871179011705504
994,4,0.0,55.97390986486482,-3.1871179011705504
994,5,0.0,55.97390986486482,-3.1871179011705504
994,6,0.0,55.97390986486482,-3.1871179011705504
994,7,0.0,55.97390986486482,-3.1871179011705504
994,8,0.0,55.97390986486482,-3.1871179011705504
994,9,0.0,55.97390986486482,-3.1871179011705504
994,10,0.0,55.97390986486482,-3.1871179011705504
994,11,0.0,55.97390986486482,-3.1871179011705504
994,12,0.0,55.97390986486482,-3.1871179011705504
994,13,0.0,55.97390986486482,-3.1871179011705504
994,14,0.0,55.97390986486482,-3.1871179011705504
994,15,0.0,55.97390986486482,-3.1871179011705504
994,16,0.0,55.97390986486482,-3.1871179011705504
994,17,0.0,55.97390986486482,-3.1871179011705504
994,18,0.0,55.97390986486482,-3.1871179011705504
994,19,0.0,55.97390986486482,-3.1871179011705504
994,20,0.0,55.97390986486482,-3.1871179011705504
994,21,0.0,55.97390986486482,-3.1871179011705504
994,22,0.0,55.97390986486482,-3.1871179011705504
994,23,0.0,55.97390986486482,-3.1871179011705504
998,0,0.0,55.97390986486482,-3.154959842128612
998,1,0.0,55.97390986486482,-3.154959842128612
998,2,0.0,55.97390986486482,-3.154959842128612
998,3,0.0,55.97390986486482,-3.154959842128612
998,4,0.0,55.97390986486482,-3.154959842128612
998,5,0.0,55.97390986486482,-3.154959842128612
998,6,0.0,55.97390986486482,-3.154959842128612
998,7,0.0,55.97390986486482,-3.154959842128612
998,8,0.0,55.97390986486482,-3.154959842128612
998,9,0.0,55.97390986486482,-3.154959842128612
998,10,0.0,55.97390986486482,-3.154959842128612
998,11,0.0,55.97390986486482,-3.154959842128612
998,12,0.0,55.97390986486482,-3.154959842128612
998,13,0.0,55.97390986486482,-3.154959842128612
998,14,0.0,55.97390986486482,-3.154959842128612
998,15,0.0,55.97390986486482,-3.154959842128612
998,16,0.0,55.97390986486482,-3.154959842128612
998,17,0.0,55.97390986486482,-3.154959842128612
998,18,0.0,55.97390986486482,-3.154959842128612
998,19,0.0,55.97390986486482,-3.154959842128612
998,20,0.0,55.97390986486482,-3.154959842128612
998,21,0.0,55.97390986486482,-3.154959842128612
998,22,0.0,55.97390986486482,-3.154959842128612
998,23,0.0,55.97390986486482,-3.154959842128612
759,0,26.0,55.946882837837805,-3.1951574159310345
759,1,0.0,55.946882837837805,-3.1951574159310345
759,2,0.0,55.946882837837805,-3.1951574159310345
759,3,0.0,55.946882837837805,-3.1951574159310345
759,4,0.0,55.946882837837805,-3.1951574159310345
759,5,0.0,55.946882837837805,-3.1951574159310345
759,6,0.0,55.946882837837805,-3.1951574159310345
759,7,0.0,55.946882837837805,-3.1951574159310345
759,8,0.0,55.946882837837805,-3.1951574159310345
759,9,0.0,55.946882837837805,-3.1951574159310345
759,10,0.0,55.946882837837805,-3.1951574159310345
759,11,0.0,55.946882837837805,-3.1951574159310345
759,12,0.0,55.946882837837805,-3.1951574159310345
759,13,0.0,55.946882837837805,-3.1951574159310345
759,14,0.0,55.946882837837805,-3.1951574159310345
759,15,0.0,55.946882837837805,-3.1951574159310345
759,16,0.0,55.946882837837805,-3.1951574159310345
759,17,0.0,55.946882837837805,-3.1951574159310345
759,18,0.0,55.946882837837805,-3.1951574159310345
759,19,0.0,55.946882837837805,-3.1951574159310345
759,20,0.0,55.946882837837805,-3.1951574159310345
759,21,0.0,55.946882837837805,-3.1951574159310345
759,22,0.0,55.946882837837805,-3.1951574159310345
759,23,0.0,55.946882837837805,-3.1951574159310345
698,0,26.0,55.9378738288288,-3.058485665002797
698,1,0.0,55.9378738288288,-3.058485665002797
698,2,0.0,55.9378738288288,-3.058485665002797
698,3,0.0,55.9378738288288,-3.058485665002797
698,4,0.0,55.9378738288288,-3.058485665002797
698,5,0.0,55.9378738288288,-3.058485665002797
698,6,0.0,55.9378738288288,-3.058485665002797
698,7,0.0,55.9378738288288,-3.058485665002797
698,8,0.0,55.9378738288288,-3.058485665002797
698,9,0.0,55.9378738288288,-3.058485665002797
698,10,0.0,55.9378738288288,-3.058485665002797
698,11,0.0,55.9378738288288,-3.058485665002797
698,12,0.0,55.9378738288288,-3.058485665002797
698,13,0.0,55.9378738288288,-3.058485665002797
698,14,0.0,55.9378738288288,-3.058485665002797
698,15,0.0,55.9378738288288,-3.058485665002797
698,16,0.0,55.9378738288288,-3.058485665002797
698,17,0.0,55.9378738288288,-3.058485665002797
698,18,0.0,55.9378738288288,-3.058485665002797
698,19,0.0,55.9378738288288,-3.058485665002797
698,20,0.0,55.9378738288288,-3.058485665002797
698,21,0.0,55.9378738288288,-3.058485665002797
698,22,0.0,55.9378738288288,-3.058485665002797
698,23,0.0,55.9378738288288,-3.058485665002797
760,0,26.0,55.946882837837805,-3.1871179011705504
760,1,0.0,55.946882837837805,-3.1871179011705504
760,2,0.0,55.946882837837805,-3.1871179011705504
760,3,0.0,55.946882837837805,-3.1871179011705504
760,4,0.0,55.946882837837805,-3.1871179011705504
760,5,0.0,55.946882837837805,-3.1871179011705504
760,6,0.0,55.946882837837805,-3.1871179011705504
760,7,0.0,55.946882837837805,-3.1871179011705504
760,8,0.0,55.946882837837805,-3.1871179011705504
760,9,0.0,55.946882837837805,-3.1871179011705504
760,10,0.0,55.946882837837805,-3.1871179011705504
760,11,0.0,55.946882837837805,-3.1871179011705504
760,12,0.0,55.946882837837805,-3.1871179011705504
760,13,0.0,55.946882837837805,-3.1871179011705504
760,14,0.0,55.946882837837805,-3.1871179011705504
760,15,0.0,55.946882837837805,-3.1871179011705504
760,16,0.0,55.946882837837805,-3.1871179011705504
760,17,0.0,55.946882837837805,-3.1871179011705504
760,18,0.0,55.946882837837805,-3.1871179011705504
760,19,0.0,55.946882837837805,-3.1871179011705504
760,20,0.0,55.946882837837805,-3.1871179011705504
760,21,0.0,55.946882837837805,-3.1871179011705504
760,22,0.0,55.946882837837805,-3.1871179011705504
760,23,0.0,55.946882837837805,-3.1871179011705504
709,0,26.0,55.942378333333295,-3.2835920782963655
709,1,0.0,55.942378333333295,-3.2835920782963655
709,2,0.0,55.942378333333295,-3.2835920782963655
709,3,0.0,55.942378333333295,-3.2835920782963655
709,4,0.0,55.942378333333295,-3.2835920782963655
709,5,0.0,55.942378333333295,-3.2835920782963655
709,6,0.0,55.942378333333295,-3.2835920782963655
709,7,0.0,55.942378333333295,-3.2835920782963655
709,8,0.0,55.942378333333295,-3.2835920782963655
709,9,0.0,55.942378333333295,-3.2835920782963655
709,10,0.0,55.942378333333295,-3.2835920782963655
709,11,0.0,55.942378333333295,-3.2835920782963655
709,12,0.0,55.942378333333295,-3.2835920782963655
709,13,0.0,55.942378333333295,-3.2835920782963655
709,14,0.0,55.942378333333295,-3.2835920782963655
709,15,0.0,55.942378333333295,-3.2835920782963655
709,16,0.0,55.942378333333295,-3.2835920782963655
709,17,0.0,55.942378333333295,-3.2835920782963655
709,18,0.0,55.942378333333295,-3.2835920782963655
709,19,0.0,55.942378333333295,-3.2835920782963655
709,20,0.0,55.942378333333295,-3.2835920782963655
709,21,0.0,55.942378333333295,-3.2835920782963655
709,22,0.0,55.942378333333295,-3.2835920782963655
709,23,0.0,55.942378333333295,-3.2835920782963655
997,0,26.0,55.97390986486482,-3.162999356889096
997,1,0.0,55.97390986486482,-3.162999356889096
997,2,0.0,55.97390986486482,-3.162999356889096
997,3,0.0,55.97390986486482,-3.162999356889096
997,4,0.0,55.97390986486482,-3.162999356889096
997,5,0.0,55.97390986486482,-3.162999356889096
997,6,0.0,55.97390986486482,-3.162999356889096
997,7,0.0,55.97390986486482,-3.162999356889096
997,8,0.0,55.97390986486482,-3.162999356889096
997,9,0.0,55.97390986486482,-3.162999356889096
997,10,0.0,55.97390986486482,-3.162999356889096
997,11,0.0,55.97390986486482,-3.162999356889096
997,12,0.0,55.97390986486482,-3.162999356889096
997,13,0.0,55.97390986486482,-3.162999356889096
997,14,0.0,55.97390986486482,-3.162999356889096
997,15,0.0,55.97390986486482,-3.162999356889096
997,16,0.0,55.97390986486482,-3.162999356889096
997,17,0.0,55.97390986486482,-3.162999356889096
997,18,0.0,55.97390986486482,-3.162999356889096
997,19,0.0,55.97390986486482,-3.162999356889096
997,20,0.0,55.97390986486482,-3.162999356889096
997,21,0.0,55.97390986486482,-3.162999356889096
997,22,0.0,55.97390986486482,-3.162999356889096
997,23,0.0,55.97390986486482,-3.162999356889096
720,0,0.0,55.942378333333295,-3.1951574159310345
720,1,0.0,55.942378333333295,-3.1951574159310345
720,2,0.0,55.942378333333295,-3.1951574159310345
720,3,0.0,55.942378333333295,-3.1951574159310345
720,4,0.0,55.942378333333295,-3.1951574159310345
720,5,0.0,55.942378333333295,-3.1951574159310345
720,6,0.0,55.942378333333295,-3.1951574159310345
720,7,0.0,55.942378333333295,-3.1951574159310345
720,8,0.0,55.942378333333295,-3.1951574159310345
720,9,0.0,55.942378333333295,-3.1951574159310345
720,10,0.0,55.942378333333295,-3.1951574159310345
720,11,0.0,55.942378333333295,-3.1951574159310345
720,12,0.0,55.942378333333295,-3.1951574159310345
720,13,0.0,55.942378333333295,-3.1951574159310345
720,14,0.0,55.942378333333295,-3.1951574159310345
720,15,0.0,55.942378333333295,-3.1951574159310345
720,16,0.0,55.942378333333295,-3.1951574159310345
720,17,0.0,55.942378333333295,-3.1951574159310345
720,18,0.0,55.942378333333295,-3.1951574159310345
720,19,0.0,55.942378333333295,-3.1951574159310345
720,20,0.0,55.942378333333295,-3.1951574159310345
720,21,0.0,55.942378333333295,-3.1951574159310345
720,22,0.0,55.942378333333295,-3.1951574159310345
720,23,0.0,55.942378333333295,-3.1951574159310345
879,0,26.0,55.96039635135131,-3.171038871649581
879,1,0.0,55.96039635135131,-3.171038871649581
879,2,0.0,55.96039635135131,-3.171038871649581
879,3,0.0,55.96039635135131,-3.171038871649581
879,4,0.0,55.96039635135131,-3.171038871649581
879,5,0.0,55.96039635135131,-3.171038871649581
879,6,0.0,55.96039635135131,-3.171038871649581
879,7,0.0,55.96039635135131,-3.171038871649581
879,8,0.0,55.96039635135131,-3.171038871649581
879,9,0.0,55.96039635135131,-3.171038871649581
879,10,0.0,55.96039635135131,-3.171038871649581
879,11,0.0,55.96039635135131,-3.171038871649581
879,12,0.0,55.96039635135131,-3.171038871649581
879,13,0.0,55.96039635135131,-3.171038871649581
879,14,0.0,55.96039635135131,-3.171038871649581
879,15,0.0,55.96039635135131,-3.171038871649581
879,16,0.0,55.96039635135131,-3.171038871649581
879,17,0.0,55.96039635135131,-3.171038871649581
879,18,0.0,55.96039635135131,-3.171038871649581
879,19,0.0,55.96039635135131,-3.171038871649581
879,20,0.0,55.96039635135131,-3.171038871649581
879,21,0.0,55.96039635135131,-3.171038871649581
879,22,0.0,55.96039635135131,-3.171038871649581
879,23,0.0,55.96039635135131,-3.171038871649581
800,0,0.0,55.9513873423423,-3.1790783864100653
800,1,0.0,55.9513873423423,-3.1790783864100653
800,2,0.0,55.9513873423423,-3.1790783864100653
800,3,0.0,55.9513873423423,-3.1790783864100653
800,4,0.0,55.9513873423423,-3.1790783864100653
800,5,0.0,55.9513873423423,-3.1790783864100653
800,6,0.0,55.9513873423423,-3.1790783864100653
800,7,0.0,55.9513873423423,-3.1790783864100653
800,8,-0.0,55.9513873423423,-3.1790783864100653
800,9,0.0,55.9513873423423,-3.1790783864100653
800,10,0.0,55.9513873423423,-3.1790783864100653
800,11,0.0,55.9513873423423,-3.1790783864100653
800,12,0.0,55.9513873423423,-3.1790783864100653
800,13,0.0,55.9513873423423,-3.1790783864100653
800,14,0.0,55.9513873423423,-3.1790783864100653
800,15,0.0,55.9513873423423,-3.1790783864100653
800,16,0.0,55.9513873423423,-3.1790783864100653
800,17,-0.0,55.9513873423423,-3.1790783864100653
800,18,0.0,55.9513873423423,-3.1790783864100653
800,19,0.0,55.9513873423423,-3.1790783864100653
800,20,0.0,55.9513873423423,-3.1790783864100653
800,21,-0.0,55.9513873423423,-3.1790783864100653
800,22,0.0,55.9513873423423,-3.1790783864100653
800,23,0.0,55.9513873423423,-3.1790783864100653
683,0,0.0,55.9378738288288,-3.1790783864100653
683,1,0.0,55.9378738288288,-3.1790783864100653
683,2,0.0,55.9378738288288,-3.1790783864100653
683,3,0.0,55.9378738288288,-3.1790783864100653
683,4,0.0,55.9378738288288,-3.1790783864100653
683,5,0.0,55.9378738288288,-3.1790783864100653
683,6,0.0,55.9378738288288,-3.1790783864100653
683,7,0.0,55.9378738288288,-3.1790783864100653
683,8,0.0,55.9378738288288,-3.1790783864100653
683,9,0.0,55.9378738288288,-3.1790783864100653
683,10,0.0,55.9378738288288,-3.1790783864100653
683,11,0.0,55.9378738288288,-3.1790783864100653
683,12,0.0,55.9378738288288,-3.1790783864100653
683,13,0.0,55.9378738288288,-3.1790783864100653
683,14,0.0,55.9378738288288,-3.1790783864100653
683,15,0.0,55.9378738288288,-3.1790783864100653
683,16,0.0,55.9378738288288,-3.1790783864100653
683,17,0.0,55.9378738288288,-3.1790783864100653
683,18,0.0,55.9378738288288,-3.1790783864100653
683,19,0.0,55.9378738288288,-3.1790783864100653
683,20,0.0,55.9378738288288,-3.1790783864100653
683,21,0.0,55.9378738288288,-3.1790783864100653
683,22,0.0,55.9378738288288,-3.1790783864100653
683,23,0.0,55.9378738288288,-3.1790783864100653
431,0,0.0,55.91084680180178,-3.323789652098788
431,1,0.0,55.91084680180178,-3.323789652098788
431,2,0.0,55.91084680180178,-3.323789652098788
431,3,0.0,55.91084680180178,-3.323789652098788
431,4,0.0,55.91084680180178,-3.323789652098788
431,5,0.0,55.91084680180178,-3.323789652098788
431,6,0.0,55.91084680180178,-3.323789652098788
431,7,0.0,55.91084680180178,-3.323789652098788
431,8,0.0,55.91084680180178,-3.323789652098788
431,9,0.0,55.91084680180178,-3.323789652098788
431,10,0.0,55.91084680180178,-3.323789652098788
431,11,0.0,55.91084680180178,-3.323789652098788
431,12,0.0,55.91084680180178,-3.323789652098788
431,13,0.0,55.91084680180178,-3.323789652098788
431,14,0.0,55.91084680180178,-3.323789652098788
431,15,0.0,55.91084680180178,-3.323789652098788
431,16,0.0,55.91084680180178,-3.323789652098788
431,17,0.0,55.91084680180178,-3.323789652098788
431,18,0.0,55.91084680180178,-3.323789652098788
431,19,0.0,55.91084680180178,-3.323789652098788
431,20,0.0,55.91084680180178,-3.323789652098788
431,21,0.0,55.91084680180178,-3.323789652098788
431,22,0.0,55.91084680180178,-3.323789652098788
431,23,0.0,55.91084680180178,-3.323789652098788
644,0,0.0,55.93336932432429,-3.1790783864100653
644,1,0.0,55.93336932432429,-3.1790783864100653
644,2,0.0,55.93336932432429,-3.1790783864100653
644,3,0.0,55.93336932432429,-3.1790783864100653
644,4,0.0,55.93336932432429,-3.1790783864100653
644,5,0.0,55.93336932432429,-3.1790783864100653
644,6,0.0,55.93336932432429,-3.1790783864100653
644,7,0.0,55.93336932432429,-3.1790783864100653
644,8,0.0,55.93336932432429,-3.1790783864100653
644,9,0.0,55.93336932432429,-3.1790783864100653
644,10,0.0,55.93336932432429,-3.1790783864100653
644,11,0.0,55.93336932432429,-3.1790783864100653
644,12,0.0,55.93336932432429,-3.1790783864100653
644,13,0.0,55.93336932432429,-3.1790783864100653
644,14,0.0,55.93336932432429,-3.1790783864100653
644,15,0.0,55.93336932432429,-3.1790783864100653
644,16,0.0,55.93336932432429,-3.1790783864100653
644,17,0.0,55.93336932432429,-3.1790783864100653
644,18,0.0,55.93336932432429,-3.1790783864100653
644,19,0.0,55.93336932432429,-3.1790783864100653
644,20,0.0,55.93336932432429,-3.1790783864100653
644,21,0.0,55.93336932432429,-3.1790783864100653
644,22,0.0,55.93336932432429,-3.1790783864100653
644,23,0.0,55.93336932432429,-3.1790783864100653
798,0,0.0,55.9513873423423,-3.1951574159310345
798,1,0.0,55.9513873423423,-3.1951574159310345
798,2,0.0,55.9513873423423,-3.1951574159310345
798,3,0.0,55.9513873423423,-3.1951574159310345
798,4,0.0,55.9513873423423,-3.1951574159310345
798,5,0.0,55.9513873423423,-3.1951574159310345
798,6,0.0,55.9513873423423,-3.1951574159310345
798,7,0.0,55.9513873423423,-3.1951574159310345
798,8,0.0,55.9513873423423,-3.1951574159310345
798,9,0.0,55.9513873423423,-3.1951574159310345
798,10,0.0,55.9513873423423,-3.1951574159310345
798,11,0.0,55.9513873423423,-3.1951574159310345
798,12,0.0,55.9513873423423,-3.1951574159310345
798,13,0.0,55.9513873423423,-3.1951574159310345
798,14,0.0,55.9513873423423,-3.1951574159310345
798,15,0.0,55.9513873423423,-3.1951574159310345
798,16,0.0,55.9513873423423,-3.1951574159310345
798,17,0.0,55.9513873423423,-3.1951574159310345
798,18,0.0,55.9513873423423,-3.1951574159310345
798,19,0.0,55.9513873423423,-3.1951574159310345
798,20,0.0,55.9513873423423,-3.1951574159310345
798,21,0.0,55.9513873423423,-3.1951574159310345
798,22,0.0,55.9513873423423,-3.1951574159310345
798,23,0.0,55.9513873423423,-3.1951574159310345
674,0,26.0,55.9378738288288,-3.251434019254427
674,1,0.0,55.9378738288288,-3.251434019254427
674,2,0.0,55.9378738288288,-3.251434019254427
674,3,0.0,55.9378738288288,-3.251434019254427
674,4,0.0,55.9378738288288,-3.251434019254427
674,5,0.0,55.9378738288288,-3.251434019254427
674,6,0.0,55.9378738288288,-3.251434019254427
674,7,0.0,55.9378738288288,-3.251434019254427
674,8,0.0,55.9378738288288,-3.251434019254427
674,9,0.0,55.9378738288288,-3.251434019254427
674,10,0.0,55.9378738288288,-3.251434019254427
674,11,0.0,55.9378738288288,-3.251434019254427
674,12,0.0,55.9378738288288,-3.251434019254427
674,13,0.0,55.9378738288288,-3.251434019254427
674,14,0.0,55.9378738288288,-3.251434019254427
674,15,0.0,55.9378738288288,-3.251434019254427
674,16,0.0,55.9378738288288,-3.251434019254427
674,17,0.0,55.9378738288288,-3.251434019254427
674,18,0.0,55.9378738288288,-3.251434019254427
674,19,0.0,55.9378738288288,-3.251434019254427
674,20,0.0,55.9378738288288,-3.251434019254427
674,21,0.0,55.9378738288288,-3.251434019254427
674,22,0.0,55.9378738288288,-3.251434019254427
674,23,0.0,55.9378738288288,-3.251434019254427
677,0,26.0,55.9378738288288,-3.227315474972973
677,1,0.0,55.9378738288288,-3.227315474972973
677,2,0.0,55.9378738288288,-3.227315474972973
677,3,0.0,55.9378738288288,-3.227315474972973
677,4,0.0,55.9378738288288,-3.227315474972973
677,5,0.0,55.9378738288288,-3.227315474972973
677,6,0.0,55.9378738288288,-3.227315474972973
677,7,0.0,55.9378738288288,-3.227315474972973
677,8,0.0,55.9378738288288,-3.227315474972973
677,9,0.0,55.9378738288288,-3.227315474972973
677,10,0.0,55.9378738288288,-3.227315474972973
677,11,0.0,55.9378738288288,-3.227315474972973
677,12,0.0,55.9378738288288,-3.227315474972973
677,13,0.0,55.9378738288288,-3.227315474972973
677,14,0.0,55.9378738288288,-3.227315474972973
677,15,0.0,55.9378738288288,-3.227315474972973
677,16,0.0,55.9378738288288,-3.227315474972973
677,17,0.0,55.9378738288288,-3.227315474972973
677,18,0.0,55.9378738288288,-3.227315474972973
677,19,0.0,55.9378738288288,-3.227315474972973
677,20,0.0,55.9378738288288,-3.227315474972973
677,21,0.0,55.9378738288288,-3.227315474972973
677,22,0.0,55.9378738288288,-3.227315474972973
677,23,0.0,55.9378738288288,-3.227315474972973
955,0,0.0,55.96940536036031,-3.1871179011705504
955,1,0.0,55.96940536036031,-3.1871179011705504
955,2,0.0,55.96940536036031,-3.1871179011705504
955,3,0.0,55.96940536036031,-3.1871179011705504
955,4,0.0,55.96940536036031,-3.1871179011705504
955,5,0.0,55.96940536036031,-3.1871179011705504
955,6,0.0,55.96940536036031,-3.1871179011705504
955,7,0.0,55.96940536036031,-3.1871179011705504
955,8,0.0,55.96940536036031,-3.1871179011705504
955,9,0.0,55.96940536036031,-3.1871179011705504
955,10,0.0,55.96940536036031,-3.1871179011705504
955,11,0.0,55.96940536036031,-3.1871179011705504
955,12,0.0,55.96940536036031,-3.1871179011705504
955,13,0.0,55.96940536036031,-3.1871179011705504
955,14,0.0,55.96940536036031,-3.1871179011705504
955,15,0.0,55.96940536036031,-3.1871179011705504
955,16,0.0,55.96940536036031,-3.1871179011705504
955,17,0.0,55.96940536036031,-3.1871179011705504
955,18,0.0,55.96940536036031,-3.1871179011705504
955,19,0.0,55.96940536036031,-3.1871179011705504
955,20,0.0,55.96940536036031,-3.1871179011705504
955,21,0.0,55.96940536036031,-3.1871179011705504
955,22,0.0,55.96940536036031,-3.1871179011705504
955,23,0.0,55.96940536036031,-3.1871179011705504
809,0,0.0,55.9513873423423,-3.1067227535657045
809,1,0.0,55.9513873423423,-3.1067227535657045
809,2,0.0,55.9513873423423,-3.1067227535657045
809,3,0.0,55.9513873423423,-3.1067227535657045
809,4,0.0,55.9513873423423,-3.1067227535657045
809,5,0.0,55.9513873423423,-3.1067227535657045
809,6,0.0,55.9513873423423,-3.1067227535657045
809,7,0.0,55.9513873423423,-3.1067227535657045
809,8,0.0,55.9513873423423,-3.1067227535657045
809,9,0.0,55.9513873423423,-3.1067227535657045
809,10,0.0,55.9513873423423,-3.1067227535657045
809,11,0.0,55.9513873423423,-3.1067227535657045
809,12,0.0,55.9513873423423,-3.1067227535657045
809,13,0.0,55.9513873423423,-3.1067227535657045
809,14,0.0,55.9513873423423,-3.1067227535657045
809,15,0.0,55.9513873423423,-3.1067227535657045
809,16,0.0,55.9513873423423,-3.1067227535657045
809,17,0.0,55.9513873423423,-3.1067227535657045
809,18,0.0,55.9513873423423,-3.1067227535657045
809,19,0.0,55.9513873423423,-3.1067227535657045
809,20,0.0,55.9513873423423,-3.1067227535657045
809,21,0.0,55.9513873423423,-3.1067227535657045
809,22,0.0,55.9513873423423,-3.1067227535657045
809,23,0.0,55.9513873423423,-3.1067227535657045
995,0,0.0,55.97390986486482,-3.1790783864100653
995,1,0.0,55.97390986486482,-3.1790783864100653
995,2,0.0,55.97390986486482,-3.1790783864100653
995,3,0.0,55.97390986486482,-3.1790783864100653
995,4,0.0,55.97390986486482,-3.1790783864100653
995,5,0.0,55.97390986486482,-3.1790783864100653
995,6,0.0,55.97390986486482,-3.1790783864100653
995,7,0.0,55.97390986486482,-3.1790783864100653
995,8,0.0,55.97390986486482,-3.1790783864100653
995,9,0.0,55.97390986486482,-3.1790783864100653
995,10,0.0,55.97390986486482,-3.1790783864100653
995,11,0.0,55.97390986486482,-3.1790783864100653
995,12,0.0,55.97390986486482,-3.1790783864100653
995,13,0.0,55.97390986486482,-3.1790783864100653
995,14,0.0,55.97390986486482,-3.1790783864100653
995,15,0.0,55.97390986486482,-3.1790783864100653
995,16,0.0,55.97390986486482,-3.1790783864100653
995,17,0.0,55.97390986486482,-3.1790783864100653
995,18,0.0,55.97390986486482,-3.1790783864100653
995,19,0.0,55.97390986486482,-3.1790783864100653
995,20,0.0,55.97390986486482,-3.1790783864100653
995,21,0.0,55.97390986486482,-3.1790783864100653
995,22,0.0,55.97390986486482,-3.1790783864100653
995,23,0.0,55.97390986486482,-3.1790783864100653
758,0,0.0,55.946882837837805,-3.2031969306915196
758,1,0.0,55.946882837837805,-3.2031969306915196
758,2,0.0,55.946882837837805,-3.2031969306915196
758,3,0.0,55.946882837837805,-3.2031969306915196
758,4,0.0,55.946882837837805,-3.2031969306915196
758,5,0.0,55.946882837837805,-3.2031969306915196
758,6,0.0,55.946882837837805,-3.2031969306915196
758,7,0.0,55.946882837837805,-3.2031969306915196
758,8,0.0,55.946882837837805,-3.2031969306915196
758,9,0.0,55.946882837837805,-3.2031969306915196
758,10,0.0,55.946882837837805,-3.2031969306915196
758,11,0.0,55.946882837837805,-3.2031969306915196
758,12,0.0,55.946882837837805,-3.2031969306915196
758,13,0.0,55.946882837837805,-3.2031969306915196
758,14,0.0,55.946882837837805,-3.2031969306915196
758,15,0.0,55.946882837837805,-3.2031969306915196
758,16,0.0,55.946882837837805,-3.2031969306915196
758,17,0.0,55.946882837837805,-3.2031969306915196
758,18,0.0,55.946882837837805,-3.2031969306915196
758,19,0.0,55.946882837837805,-3.2031969306915196
758,20,0.0,55.946882837837805,-3.2031969306915196
758,21,0.0,55.946882837837805,-3.2031969306915196
758,22,0.0,55.946882837837805,-3.2031969306915196
758,23,0.0,55.946882837837805,-3.2031969306915196
567,0,26.0,55.92436031531528,-3.171038871649581
567,1,0.0,55.92436031531528,-3.171038871649581
567,2,0.0,55.92436031531528,-3.171038871649581
567,3,0.0,55.92436031531528,-3.171038871649581
567,4,0.0,55.92436031531528,-3.171038871649581
567,5,0.0,55.92436031531528,-3.171038871649581
567,6,0.0,55.92436031531528,-3.171038871649581
567,7,0.0,55.92436031531528,-3.171038871649581
567,8,0.0,55.92436031531528,-3.171038871649581
567,9,0.0,55.92436031531528,-3.171038871649581
567,10,0.0,55.92436031531528,-3.171038871649581
567,11,0.0,55.92436031531528,-3.171038871649581
567,12,0.0,55.92436031531528,-3.171038871649581
567,13,0.0,55.92436031531528,-3.171038871649581
567,14,0.0,55.92436031531528,-3.171038871649581
567,15,0.0,55.92436031531528,-3.171038871649581
567,16,0.0,55.92436031531528,-3.171038871649581
567,17,0.0,55.92436031531528,-3.171038871649581
567,18,0.0,55.92436031531528,-3.171038871649581
567,19,0.0,55.92436031531528,-3.171038871649581
567,20,0.0,55.92436031531528,-3.171038871649581
567,21,0.0,55.92436031531528,-3.171038871649581
567,22,0.0,55.92436031531528,-3.171038871649581
567,23,0.0,55.92436031531528,-3.171038871649581
671,0,0.0,55.9378738288288,-3.2755525635358804
671,1,0.0,55.9378738288288,-3.2755525635358804
671,2,0.0,55.9378738288288,-3.2755525635358804
671,3,0.0,55.9378738288288,-3.2755525635358804
671,4,0.0,55.9378738288288,-3.2755525635358804
671,5,0.0,55.9378738288288,-3.2755525635358804
671,6,0.0,55.9378738288288,-3.2755525635358804
671,7,0.0,55.9378738288288,-3.2755525635358804
671,8,0.0,55.9378738288288,-3.2755525635358804
671,9,0.0,55.9378738288288,-3.2755525635358804
671,10,0.0,55.9378738288288,-3.2755525635358804
671,11,0.0,55.9378738288288,-3.2755525635358804
671,12,0.0,55.9378738288288,-3.2755525635358804
671,13,0.0,55.9378738288288,-3.2755525635358804
671,14,0.0,55.9378738288288,-3.2755525635358804
671,15,0.0,55.9378738288288,-3.2755525635358804
671,16,0.0,55.9378738288288,-3.2755525635358804
671,17,0.0,55.9378738288288,-3.2755525635358804
671,18,0.0,55.9378738288288,-3.2755525635358804
671,19,0.0,55.9378738288288,-3.2755525635358804
671,20,0.0,55.9378738288288,-3.2755525635358804
671,21,0.0,55.9378738288288,-3.2755525635358804
671,22,0.0,55.9378738288288,-3.2755525635358804
671,23,0.0,55.9378738288288,-3.2755525635358804
757,0,0.0,55.946882837837805,-3.2112364454520037
757,1,0.0,55.946882837837805,-3.2112364454520037
757,2,0.0,55.946882837837805,-3.2112364454520037
757,3,0.0,55.946882837837805,-3.2112364454520037
757,4,0.0,55.946882837837805,-3.2112364454520037
757,5,0.0,55.946882837837805,-3.2112364454520037
757,6,0.0,55.946882837837805,-3.2112364454520037
757,7,0.0,55.946882837837805,-3.2112364454520037
757,8,0.0,55.946882837837805,-3.2112364454520037
757,9,0.0,55.946882837837805,-3.2112364454520037
757,10,0.0,55.946882837837805,-3.2112364454520037
757,11,0.0,55.946882837837805,-3.2112364454520037
757,12,0.0,55.946882837837805,-3.2112364454520037
757,13,0.0,55.946882837837805,-3.2112364454520037
757,14,0.0,55.946882837837805,-3.2112364454520037
757,15,0.0,55.946882837837805,-3.2112364454520037
757,16,0.0,55.946882837837805,-3.2112364454520037
757,17,0.0,55.946882837837805,-3.2112364454520037
757,18,0.0,55.946882837837805,-3.2112364454520037
757,19,0.0,55.946882837837805,-3.2112364454520037
757,20,0.0,55.946882837837805,-3.2112364454520037
757,21,0.0,55.946882837837805,-3.2112364454520037
757,22,0.0,55.946882837837805,-3.2112364454520037
757,23,0.0,55.946882837837805,-3.2112364454520037
316,0,0.0,55.897333288288266,-3.307710622577819
316,1,0.0,55.897333288288266,-3.307710622577819
316,2,0.0,55.897333288288266,-3.307710622577819
316,3,0.0,55.897333288288266,-3.307710622577819
316,4,0.0,55.897333288288266,-3.307710622577819
316,5,0.0,55.897333288288266,-3.307710622577819
316,6,0.0,55.897333288288266,-3.307710622577819
316,7,0.0,55.897333288288266,-3.307710622577819
316,8,0.0,55.897333288288266,-3.307710622577819
316,9,0.0,55.897333288288266,-3.307710622577819
316,10,0.0,55.897333288288266,-3.307710622577819
316,11,0.0,55.897333288288266,-3.307710622577819
316,12,0.0,55.897333288288266,-3.307710622577819
316,13,0.0,55.897333288288266,-3.307710622577819
316,14,0.0,55.897333288288266,-3.307710622577819
316,15,0.0,55.897333288288266,-3.307710622577819
316,16,0.0,55.897333288288266,-3.307710622577819
316,17,0.0,55.897333288288266,-3.307710622577819
316,18,0.0,55.897333288288266,-3.307710622577819
316,19,0.0,55.897333288288266,-3.307710622577819
316,20,0.0,55.897333288288266,-3.307710622577819
316,21,0.0,55.897333288288266,-3.307710622577819
316,22,0.0,55.897333288288266,-3.307710622577819
316,23,0.0,55.897333288288266,-3.307710622577819
640,0,0.0,55.93336932432429,-3.2112364454520037
640,1,0.0,55.93336932432429,-3.2112364454520037
640,2,0.0,55.93336932432429,-3.2112364454520037
640,3,0.0,55.93336932432429,-3.2112364454520037
640,4,0.0,55.93336932432429,-3.2112364454520037
640,5,0.0,55.93336932432429,-3.2112364454520037
640,6,0.0,55.93336932432429,-3.2112364454520037
640,7,0.0,55.93336932432429,-3.2112364454520037
640,8,0.0,55.93336932432429,-3.2112364454520037
640,9,0.0,55.93336932432429,-3.2112364454520037
640,10,0.0,55.93336932432429,-3.2112364454520037
640,11,0.0,55.93336932432429,-3.2112364454520037
640,12,0.0,55.93336932432429,-3.2112364454520037
640,13,0.0,55.93336932432429,-3.2112364454520037
640,14,0.0,55.93336932432429,-3.2112364454520037
640,15,0.0,55.93336932432429,-3.2112364454520037
640,16,0.0,55.93336932432429,-3.2112364454520037
640,17,0.0,55.93336932432429,-3.2112364454520037
640,18,0.0,55.93336932432429,-3.2112364454520037
640,19,0.0,55.93336932432429,-3.2112364454520037
640,20,0.0,55.93336932432429,-3.2112364454520037
640,21,0.0,55.93336932432429,-3.2112364454520037
640,22,0.0,55.93336932432429,-3.2112364454520037
640,23,0.0,55.93336932432429,-3.2112364454520037
635,0,0.0,55.93336932432429,-3.251434019254427
635,1,0.0,55.93336932432429,-3.251434019254427
635,2,0.0,55.93336932432429,-3.251434019254427
635,3,0.0,55.93336932432429,-3.251434019254427
635,4,0.0,55.93336932432429,-3.251434019254427
635,5,0.0,55.93336932432429,-3.251434019254427
635,6,0.0,55.93336932432429,-3.251434019254427
635,7,0.0,55.93336932432429,-3.251434019254427
635,8,0.0,55.93336932432429,-3.251434019254427
635,9,0.0,55.93336932432429,-3.251434019254427
635,10,0.0,55.93336932432429,-3.251434019254427
635,11,0.0,55.93336932432429,-3.251434019254427
635,12,0.0,55.93336932432429,-3.251434019254427
635,13,0.0,55.93336932432429,-3.251434019254427
635,14,0.0,55.93336932432429,-3.251434019254427
635,15,0.0,55.93336932432429,-3.251434019254427
635,16,0.0,55.93336932432429,-3.251434019254427
635,17,0.0,55.93336932432429,-3.251434019254427
635,18,0.0,55.93336932432429,-3.251434019254427
635,19,0.0,55.93336932432429,-3.251434019254427
635,20,0.0,55.93336932432429,-3.251434019254427
635,21,0.0,55.93336932432429,-3.251434019254427
635,22,0.0,55.93336932432429,-3.251434019254427
635,23,0.0,55.93336932432429,-3.251434019254427
601,0,0.0,55.92886481981979,-3.2112364454520037
601,1,0.0,55.92886481981979,-3.2112364454520037
601,2,0.0,55.92886481981979,-3.2112364454520037
601,3,0.0,55.92886481981979,-3.2112364454520037
601,4,0.0,55.92886481981979,-3.2112364454520037
601,5,0.0,55.92886481981979,-3.2112364454520037
601,6,0.0,55.92886481981979,-3.2112364454520037
601,7,0.0,55.92886481981979,-3.2112364454520037
601,8,0.0,55.92886481981979,-3.2112364454520037
601,9,0.0,55.92886481981979,-3.2112364454520037
601,10,0.0,55.92886481981979,-3.2112364454520037
601,11,0.0,55.92886481981979,-3.2112364454520037
601,12,0.0,55.92886481981979,-3.2112364454520037
601,13,0.0,55.92886481981979,-3.2112364454520037
601,14,0.0,55.92886481981979,-3.2112364454520037
601,15,0.0,55.92886481981979,-3.2112364454520037
601,16,0.0,55.92886481981979,-3.2112364454520037
601,17,0.0,55.92886481981979,-3.2112364454520037
601,18,0.0,55.92886481981979,-3.2112364454520037
601,19,0.0,55.92886481981979,-3.2112364454520037
601,20,0.0,55.92886481981979,-3.2112364454520037
601,21,0.0,55.92886481981979,-3.2112364454520037
601,22,0.0,55.92886481981979,-3.2112364454520037
601,23,0.0,55.92886481981979,-3.2112364454520037
756,0,0.0,55.946882837837805,-3.2192759602124887
756,1,0.0,55.946882837837805,-3.2192759602124887
756,2,0.0,55.946882837837805,-3.2192759602124887
756,3,0.0,55.946882837837805,-3.2192759602124887
756,4,0.0,55.946882837837805,-3.2192759602124887
756,5,0.0,55.946882837837805,-3.2192759602124887
756,6,0.0,55.946882837837805,-3.2192759602124887
756,7,0.0,55.946882837837805,-3.2192759602124887
756,8,0.0,55.946882837837805,-3.2192759602124887
756,9,0.0,55.946882837837805,-3.2192759602124887
756,10,0.0,55.946882837837805,-3.2192759602124887
756,11,0.0,55.946882837837805,-3.2192759602124887
756,12,0.0,55.946882837837805,-3.2192759602124887
756,13,0.0,55.946882837837805,-3.2192759602124887
756,14,0.0,55.946882837837805,-3.2192759602124887
756,15,0.0,55.946882837837805,-3.2192759602124887
756,16,0.0,55.946882837837805,-3.2192759602124887
756,17,0.0,55.946882837837805,-3.2192759602124887
756,18,0.0,55.946882837837805,-3.2192759602124887
756,19,0.0,55.946882837837805,-3.2192759602124887
756,20,0.0,55.946882837837805,-3.2192759602124887
756,21,0.0,55.946882837837805,-3.2192759602124887
756,22,0.0,55.946882837837805,-3.2192759602124887
756,23,0.0,55.946882837837805,-3.2192759602124887
649,0,0.0,55.93336932432429,-3.138880812607643
649,1,0.0,55.93336932432429,-3.138880812607643
649,2,0.0,55.93336932432429,-3.138880812607643
649,3,0.0,55.93336932432429,-3.138880812607643
649,4,0.0,55.93336932432429,-3.138880812607643
649,5,0.0,55.93336932432429,-3.138880812607643
649,6,0.0,55.93336932432429,-3.138880812607643
649,7,0.0,55.93336932432429,-3.138880812607643
649,8,0.0,55.93336932432429,-3.138880812607643
649,9,0.0,55.93336932432429,-3.138880812607643
649,10,0.0,55.93336932432429,-3.138880812607643
649,11,0.0,55.93336932432429,-3.138880812607643
649,12,0.0,55.93336932432429,-3.138880812607643
649,13,0.0,55.93336932432429,-3.138880812607643
649,14,0.0,55.93336932432429,-3.138880812607643
649,15,0.0,55.93336932432429,-3.138880812607643
649,16,0.0,55.93336932432429,-3.138880812607643
649,17,0.0,55.93336932432429,-3.138880812607643
649,18,0.0,55.93336932432429,-3.138880812607643
649,19,0.0,55.93336932432429,-3.138880812607643
649,20,0.0,55.93336932432429,-3.138880812607643
649,21,0.0,55.93336932432429,-3.138880812607643
649,22,0.0,55.93336932432429,-3.138880812607643
649,23,0.0,55.93336932432429,-3.138880812607643
738,0,0.0,55.942378333333295,-3.050446150242312
738,1,0.0,55.942378333333295,-3.050446150242312
738,2,0.0,55.942378333333295,-3.050446150242312
738,3,0.0,55.942378333333295,-3.050446150242312
738,4,0.0,55.942378333333295,-3.050446150242312
738,5,0.0,55.942378333333295,-3.050446150242312
738,6,0.0,55.942378333333295,-3.050446150242312
738,7,0.0,55.942378333333295,-3.050446150242312
738,8,0.0,55.942378333333295,-3.050446150242312
738,9,0.0,55.942378333333295,-3.050446150242312
738,10,0.0,55.942378333333295,-3.050446150242312
738,11,0.0,55.942378333333295,-3.050446150242312
738,12,0.0,55.942378333333295,-3.050446150242312
738,13,0.0,55.942378333333295,-3.050446150242312
738,14,0.0,55.942378333333295,-3.050446150242312
738,15,0.0,55.942378333333295,-3.050446150242312
738,16,0.0,55.942378333333295,-3.050446150242312
738,17,0.0,55.942378333333295,-3.050446150242312
738,18,0.0,55.942378333333295,-3.050446150242312
738,19,0.0,55.942378333333295,-3.050446150242312
738,20,0.0,55.942378333333295,-3.050446150242312
738,21,0.0,55.942378333333295,-3.050446150242312
738,22,0.0,55.942378333333295,-3.050446150242312
738,23,0.0,55.942378333333295,-3.050446150242312
956,0,0.0,55.96940536036031,-3.1790783864100653
956,1,0.0,55.96940536036031,-3.1790783864100653
956,2,0.0,55.96940536036031,-3.1790783864100653
956,3,0.0,55.96940536036031,-3.1790783864100653
956,4,0.0,55.96940536036031,-3.1790783864100653
956,5,0.0,55.96940536036031,-3.1790783864100653
956,6,0.0,55.96940536036031,-3.1790783864100653
956,7,0.0,55.96940536036031,-3.1790783864100653
956,8,0.0,55.96940536036031,-3.1790783864100653
956,9,0.0,55.96940536036031,-3.1790783864100653
956,10,0.0,55.96940536036031,-3.1790783864100653
956,11,0.0,55.96940536036031,-3.1790783864100653
956,12,0.0,55.96940536036031,-3.1790783864100653
956,13,0.0,55.96940536036031,-3.1790783864100653
956,14,0.0,55.96940536036031,-3.1790783864100653
956,15,0.0,55.96940536036031,-3.1790783864100653
956,16,0.0,55.96940536036031,-3.1790783864100653
956,17,0.0,55.96940536036031,-3.1790783864100653
956,18,0.0,55.96940536036031,-3.1790783864100653
956,19,0.0,55.96940536036031,-3.1790783864100653
956,20,0.0,55.96940536036031,-3.1790783864100653
956,21,0.0,55.96940536036031,-3.1790783864100653
956,22,0.0,55.96940536036031,-3.1790783864100653
956,23,0.0,55.96940536036031,-3.1790783864100653
602,0,26.0,55.92886481981979,-3.2031969306915196
602,1,0.0,55.92886481981979,-3.2031969306915196
602,2,0.0,55.92886481981979,-3.2031969306915196
602,3,0.0,55.92886481981979,-3.2031969306915196
602,4,0.0,55.92886481981979,-3.2031969306915196
602,5,0.0,55.92886481981979,-3.2031969306915196
602,6,0.0,55.92886481981979,-3.2031969306915196
602,7,0.0,55.92886481981979,-3.2031969306915196
602,8,0.0,55.92886481981979,-3.2031969306915196
602,9,0.0,55.92886481981979,-3.2031969306915196
602,10,0.0,55.92886481981979,-3.2031969306915196
602,11,0.0,55.92886481981979,-3.2031969306915196
602,12,0.0,55.92886481981979,-3.2031969306915196
602,13,0.0,55.92886481981979,-3.2031969306915196
602,14,0.0,55.92886481981979,-3.2031969306915196
602,15,0.0,55.92886481981979,-3.2031969306915196
602,16,0.0,55.92886481981979,-3.2031969306915196
602,17,0.0,55.92886481981979,-3.2031969306915196
602,18,0.0,55.92886481981979,-3.2031969306915196
602,19,0.0,55.92886481981979,-3.2031969306915196
602,20,0.0,55.92886481981979,-3.2031969306915196
602,21,0.0,55.92886481981979,-3.2031969306915196
602,22,0.0,55.92886481981979,-3.2031969306915196
602,23,0.0,55.92886481981979,-3.2031969306915196
599,0,26.0,55.92886481981979,-3.227315474972973
599,1,0.0,55.92886481981979,-3.227315474972973
599,2,0.0,55.92886481981979,-3.227315474972973
599,3,0.0,55.92886481981979,-3.227315474972973
599,4,0.0,55.92886481981979,-3.227315474972973
599,5,0.0,55.92886481981979,-3.227315474972973
599,6,0.0,55.92886481981979,-3.227315474972973
599,7,0.0,55.92886481981979,-3.227315474972973
599,8,0.0,55.92886481981979,-3.227315474972973
599,9,0.0,55.92886481981979,-3.227315474972973
599,10,0.0,55.92886481981979,-3.227315474972973
599,11,0.0,55.92886481981979,-3.227315474972973
599,12,0.0,55.92886481981979,-3.227315474972973
599,13,0.0,55.92886481981979,-3.227315474972973
599,14,0.0,55.92886481981979,-3.227315474972973
599,15,0.0,55.92886481981979,-3.227315474972973
599,16,0.0,55.92886481981979,-3.227315474972973
599,17,0.0,55.92886481981979,-3.227315474972973
599,18,0.0,55.92886481981979,-3.227315474972973
599,19,0.0,55.92886481981979,-3.227315474972973
599,20,0.0,55.92886481981979,-3.227315474972973
599,21,0.0,55.92886481981979,-3.227315474972973
599,22,0.0,55.92886481981979,-3.227315474972973
599,23,0.0,55.92886481981979,-3.227315474972973
844,0,26.0,55.95589184684681,-3.138880812607643
844,1,0.0,55.95589184684681,-3.138880812607643
844,2,0.0,55.95589184684681,-3.138880812607643
844,3,0.0,55.95589184684681,-3.138880812607643
844,4,0.0,55.95589184684681,-3.138880812607643
844,5,0.0,55.95589184684681,-3.138880812607643
844,6,0.0,55.95589184684681,-3.138880812607643
844,7,0.0,55.95589184684681,-3.138880812607643
844,8,0.0,55.95589184684681,-3.138880812607643
844,9,0.0,55.95589184684681,-3.138880812607643
844,10,0.0,55.95589184684681,-3.138880812607643
844,11,0.0,55.95589184684681,-3.138880812607643
844,12,0.0,55.95589184684681,-3.138880812607643
844,13,0.0,55.95589184684681,-3.138880812607643
844,14,0.0,55.95589184684681,-3.138880812607643
844,15,0.0,55.95589184684681,-3.138880812607643
844,16,0.0,55.95589184684681,-3.138880812607643
844,17,0.0,55.95589184684681,-3.138880812607643
844,18,0.0,55.95589184684681,-3.138880812607643
844,19,0.0,55.95589184684681,-3.138880812607643
844,20,0.0,55.95589184684681,-3.138880812607643
844,21,0.0,55.95589184684681,-3.138880812607643
844,22,0.0,55.95589184684681,-3.138880812607643
844,23,0.0,55.95589184684681,-3.138880812607643
868,0,0.0,55.96039635135131,-3.2594735340149112
868,1,0.0,55.96039635135131,-3.2594735340149112
868,2,0.0,55.96039635135131,-3.2594735340149112
868,3,0.0,55.96039635135131,-3.2594735340149112
868,4,0.0,55.96039635135131,-3.2594735340149112
868,5,0.0,55.96039635135131,-3.2594735340149112
868,6,0.0,55.96039635135131,-3.2594735340149112
868,7,0.0,55.96039635135131,-3.2594735340149112
868,8,0.0,55.96039635135131,-3.2594735340149112
868,9,0.0,55.96039635135131,-3.2594735340149112
868,10,0.0,55.96039635135131,-3.2594735340149112
868,11,0.0,55.96039635135131,-3.2594735340149112
868,12,0.0,55.96039635135131,-3.2594735340149112
868,13,0.0,55.96039635135131,-3.2594735340149112
868,14,0.0,55.96039635135131,-3.2594735340149112
868,15,0.0,55.96039635135131,-3.2594735340149112
868,16,0.0,55.96039635135131,-3.2594735340149112
868,17,0.0,55.96039635135131,-3.2594735340149112
868,18,0.0,55.96039635135131,-3.2594735340149112
868,19,0.0,55.96039635135131,-3.2594735340149112
868,20,0.0,55.96039635135131,-3.2594735340149112
868,21,0.0,55.96039635135131,-3.2594735340149112
868,22,0.0,55.96039635135131,-3.2594735340149112
868,23,0.0,55.96039635135131,-3.2594735340149112
996,0,0.0,55.97390986486482,-3.171038871649581
996,1,0.0,55.97390986486482,-3.171038871649581
996,2,0.0,55.97390986486482,-3.171038871649581
996,3,0.0,55.97390986486482,-3.171038871649581
996,4,0.0,55.97390986486482,-3.171038871649581
996,5,0.0,55.97390986486482,-3.171038871649581
996,6,0.0,55.97390986486482,-3.171038871649581
996,7,0.0,55.97390986486482,-3.171038871649581
996,8,0.0,55.97390986486482,-3.171038871649581
996,9,0.0,55.97390986486482,-3.171038871649581
996,10,0.0,55.97390986486482,-3.171038871649581
996,11,0.0,55.97390986486482,-3.171038871649581
996,12,0.0,55.97390986486482,-3.171038871649581
996,13,0.0,55.97390986486482,-3.171038871649581
996,14,0.0,55.97390986486482,-3.171038871649581
996,15,0.0,55.97390986486482,-3.171038871649581
996,16,0.0,55.97390986486482,-3.171038871649581
996,17,0.0,55.97390986486482,-3.171038871649581
996,18,0.0,55.97390986486482,-3.171038871649581
996,19,0.0,55.97390986486482,-3.171038871649581
996,20,0.0,55.97390986486482,-3.171038871649581
996,21,0.0,55.97390986486482,-3.171038871649581
996,22,0.0,55.97390986486482,-3.171038871649581
996,23,0.0,55.97390986486482,-3.171038871649581
404,0,26.0,55.90634229729727,-3.227315474972973
404,1,0.0,55.90634229729727,-3.227315474972973
404,2,0.0,55.90634229729727,-3.227315474972973
404,3,0.0,55.90634229729727,-3.227315474972973
404,4,0.0,55.90634229729727,-3.227315474972973
404,5,0.0,55.90634229729727,-3.227315474972973
404,6,0.0,55.90634229729727,-3.227315474972973
404,7,0.0,55.90634229729727,-3.227315474972973
404,8,0.0,55.90634229729727,-3.227315474972973
404,9,0.0,55.90634229729727,-3.227315474972973
404,10,0.0,55.90634229729727,-3.227315474972973
404,11,0.0,55.90634229729727,-3.227315474972973
404,12,0.0,55.90634229729727,-3.227315474972973
404,13,0.0,55.90634229729727,-3.227315474972973
404,14,0.0,55.90634229729727,-3.227315474972973
404,15,0.0,55.90634229729727,-3.227315474972973
404,16,0.0,55.90634229729727,-3.227315474972973
404,17,0.0,55.90634229729727,-3.227315474972973
404,18,0.0,55.90634229729727,-3.227315474972973
404,19,0.0,55.90634229729727,-3.227315474972973
404,20,0.0,55.90634229729727,-3.227315474972973
404,21,0.0,55.90634229729727,-3.227315474972973
404,22,0.0,55.90634229729727,-3.227315474972973
404,23,0.0,55.90634229729727,-3.227315474972973
413,0,0.0,55.90634229729727,-3.154959842128612
413,1,0.0,55.90634229729727,-3.154959842128612
413,2,0.0,55.90634229729727,-3.154959842128612
413,3,0.0,55.90634229729727,-3.154959842128612
413,4,0.0,55.90634229729727,-3.154959842128612
413,5,0.0,55.90634229729727,-3.154959842128612
413,6,0.0,55.90634229729727,-3.154959842128612
413,7,0.0,55.90634229729727,-3.154959842128612
413,8,-0.0,55.90634229729727,-3.154959842128612
413,9,0.0,55.90634229729727,-3.154959842128612
413,10,0.0,55.90634229729727,-3.154959842128612
413,11,0.0,55.90634229729727,-3.154959842128612
413,12,0.0,55.90634229729727,-3.154959842128612
413,13,0.0,55.90634229729727,-3.154959842128612
413,14,0.0,55.90634229729727,-3.154959842128612
413,15,0.0,55.90634229729727,-3.154959842128612
413,16,0.0,55.90634229729727,-3.154959842128612
413,17,-0.0,55.90634229729727,-3.154959842128612
413,18,0.0,55.90634229729727,-3.154959842128612
413,19,0.0,55.90634229729727,-3.154959842128612
413,20,0.0,55.90634229729727,-3.154959842128612
413,21,-0.0,55.90634229729727,-3.154959842128612
413,22,0.0,55.90634229729727,-3.154959842128612
413,23,0.0,55.90634229729727,-3.154959842128612
830,0,0.0,55.95589184684681,-3.251434019254427
830,1,0.0,55.95589184684681,-3.251434019254427
830,2,0.0,55.95589184684681,-3.251434019254427
830,3,0.0,55.95589184684681,-3.251434019254427
830,4,0.0,55.95589184684681,-3.251434019254427
830,5,0.0,55.95589184684681,-3.251434019254427
830,6,0.0,55.95589184684681,-3.251434019254427
830,7,0.0,55.95589184684681,-3.251434019254427
830,8,0.0,55.95589184684681,-3.251434019254427
830,9,0.0,55.95589184684681,-3.251434019254427
830,10,0.0,55.95589184684681,-3.251434019254427
830,11,0.0,55.95589184684681,-3.251434019254427
830,12,0.0,55.95589184684681,-3.251434019254427
830,13,0.0,55.95589184684681,-3.251434019254427
830,14,0.0,55.95589184684681,-3.251434019254427
830,15,0.0,55.95589184684681,-3.251434019254427
830,16,0.0,55.95589184684681,-3.251434019254427
830,17,0.0,55.95589184684681,-3.251434019254427
830,18,0.0,55.95589184684681,-3.251434019254427
830,19,0.0,55.95589184684681,-3.251434019254427
830,20,0.0,55.95589184684681,-3.251434019254427
830,21,0.0,55.95589184684681,-3.251434019254427
830,22,0.0,55.95589184684681,-3.251434019254427
830,23,0.0,55.95589184684681,-3.251434019254427
796,0,0.0,55.9513873423423,-3.2112364454520037
796,1,0.0,55.9513873423423,-3.2112364454520037
796,2,0.0,55.9513873423423,-3.2112364454520037
796,3,0.0,55.9513873423423,-3.2112364454520037
796,4,0.0,55.9513873423423,-3.2112364454520037
796,5,0.0,55.9513873423423,-3.2112364454520037
796,6,0.0,55.9513873423423,-3.2112364454520037
796,7,0.0,55.9513873423423,-3.2112364454520037
796,8,0.0,55.9513873423423,-3.2112364454520037
796,9,0.0,55.9513873423423,-3.2112364454520037
796,10,0.0,55.9513873423423,-3.2112364454520037
796,11,0.0,55.9513873423423,-3.2112364454520037
796,12,0.0,55.9513873423423,-3.2112364454520037
796,13,0.0,55.9513873423423,-3.2112364454520037
796,14,0.0,55.9513873423423,-3.2112364454520037
796,15,0.0,55.9513873423423,-3.2112364454520037
796,16,0.0,55.9513873423423,-3.2112364454520037
796,17,0.0,55.9513873423423,-3.2112364454520037
796,18,0.0,55.9513873423423,-3.2112364454520037
796,19,0.0,55.9513873423423,-3.2112364454520037
796,20,0.0,55.9513873423423,-3.2112364454520037
796,21,0.0,55.9513873423423,-3.2112364454520037
796,22,0.0,55.9513873423423,-3.2112364454520037
796,23,0.0,55.9513873423423,-3.2112364454520037
871,0,26.0,55.96039635135131,-3.235354989733458
871,1,0.0,55.96039635135131,-3.235354989733458
871,2,0.0,55.96039635135131,-3.235354989733458
871,3,0.0,55.96039635135131,-3.235354989733458
871,4,0.0,55.96039635135131,-3.235354989733458
871,5,0.0,55.96039635135131,-3.235354989733458
871,6,0.0,55.96039635135131,-3.235354989733458
871,7,0.0,55.96039635135131,-3.235354989733458
871,8,0.0,55.96039635135131,-3.235354989733458
871,9,0.0,55.96039635135131,-3.235354989733458
871,10,0.0,55.96039635135131,-3.235354989733458
871,11,0.0,55.96039635135131,-3.235354989733458
871,12,0.0,55.96039635135131,-3.235354989733458
871,13,0.0,55.96039635135131,-3.235354989733458
871,14,0.0,55.96039635135131,-3.235354989733458
871,15,0.0,55.96039635135131,-3.235354989733458
871,16,0.0,55.96039635135131,-3.235354989733458
871,17,0.0,55.96039635135131,-3.235354989733458
871,18,0.0,55.96039635135131,-3.235354989733458
871,19,0.0,55.96039635135131,-3.235354989733458
871,20,0.0,55.96039635135131,-3.235354989733458
871,21,0.0,55.96039635135131,-3.235354989733458
871,22,0.0,55.96039635135131,-3.235354989733458
871,23,0.0,55.96039635135131,-3.235354989733458
721,0,26.0,55.942378333333295,-3.1871179011705504
721,1,0.0,55.942378333333295,-3.1871179011705504
721,2,0.0,55.942378333333295,-3.1871179011705504
721,3,0.0,55.942378333333295,-3.1871179011705504
721,4,0.0,55.942378333333295,-3.1871179011705504
721,5,0.0,55.942378333333295,-3.1871179011705504
721,6,0.0,55.942378333333295,-3.1871179011705504
721,7,0.0,55.942378333333295,-3.1871179011705504
721,8,0.0,55.942378333333295,-3.1871179011705504
721,9,0.0,55.942378333333295,-3.1871179011705504
721,10,0.0,55.942378333333295,-3.1871179011705504
721,11,0.0,55.942378333333295,-3.1871179011705504
721,12,0.0,55.942378333333295,-3.1871179011705504
721,13,0.0,55.942378333333295,-3.1871179011705504
721,14,0.0,55.942378333333295,-3.1871179011705504
721,15,0.0,55.942378333333295,-3.1871179011705504
721,16,0.0,55.942378333333295,-3.1871179011705504
721,17,0.0,55.942378333333295,-3.1871179011705504
721,18,0.0,55.942378333333295,-3.1871179011705504
721,19,0.0,55.942378333333295,-3.1871179011705504
721,20,0.0,55.942378333333295,-3.1871179011705504
721,21,0.0,55.942378333333295,-3.1871179011705504
721,22,0.0,55.942378333333295,-3.1871179011705504
721,23,0.0,55.942378333333295,-3.1871179011705504
442,0,26.0,55.91084680180178,-3.235354989733458
442,1,0.0,55.91084680180178,-3.235354989733458
442,2,0.0,55.91084680180178,-3.235354989733458
442,3,0.0,55.91084680180178,-3.235354989733458
442,4,0.0,55.91084680180178,-3.235354989733458
442,5,0.0,55.91084680180178,-3.235354989733458
442,6,0.0,55.91084680180178,-3.235354989733458
442,7,0.0,55.91084680180178,-3.235354989733458
442,8,0.0,55.91084680180178,-3.235354989733458
442,9,0.0,55.91084680180178,-3.235354989733458
442,10,0.0,55.91084680180178,-3.235354989733458
442,11,0.0,55.91084680180178,-3.235354989733458
442,12,0.0,55.91084680180178,-3.235354989733458
442,13,0.0,55.91084680180178,-3.235354989733458
442,14,0.0,55.91084680180178,-3.235354989733458
442,15,0.0,55.91084680180178,-3.235354989733458
442,16,0.0,55.91084680180178,-3.235354989733458
442,17,0.0,55.91084680180178,-3.235354989733458
442,18,0.0,55.91084680180178,-3.235354989733458
442,19,0.0,55.91084680180178,-3.235354989733458
442,20,0.0,55.91084680180178,-3.235354989733458
442,21,0.0,55.91084680180178,-3.235354989733458
442,22,0.0,55.91084680180178,-3.235354989733458
442,23,0.0,55.91084680180178,-3.235354989733458
682,0,0.0,55.9378738288288,-3.1871179011705504
682,1,0.0,55.9378738288288,-3.1871179011705504
682,2,0.0,55.9378738288288,-3.1871179011705504
682,3,0.0,55.9378738288288,-3.1871179011705504
682,4,0.0,55.9378738288288,-3.1871179011705504
682,5,0.0,55.9378738288288,-3.1871179011705504
682,6,0.0,55.9378738288288,-3.1871179011705504
682,7,0.0,55.9378738288288,-3.1871179011705504
682,8,0.0,55.9378738288288,-3.1871179011705504
682,9,0.0,55.9378738288288,-3.1871179011705504
682,10,0.0,55.9378738288288,-3.1871179011705504
682,11,0.0,55.9378738288288,-3.1871179011705504
682,12,0.0,55.9378738288288,-3.1871179011705504
682,13,0.0,55.9378738288288,-3.1871179011705504
682,14,0.0,55.9378738288288,-3.1871179011705504
682,15,0.0,55.9378738288288,-3.1871179011705504
682,16,0.0,55.9378738288288,-3.1871179011705504
682,17,0.0,55.9378738288288,-3.1871179011705504
682,18,0.0,55.9378738288288,-3.1871179011705504
682,19,0.0,55.9378738288288,-3.1871179011705504
682,20,0.0,55.9378738288288,-3.1871179011705504
682,21,0.0,55.9378738288288,-3.1871179011705504
682,22,0.0,55.9378738288288,-3.1871179011705504
682,23,0.0,55.9378738288288,-3.1871179011705504
957,0,0.0,55.96940536036031,-3.171038871649581
957,1,0.0,55.96940536036031,-3.171038871649581
957,2,0.0,55.96940536036031,-3.171038871649581
957,3,0.0,55.96940536036031,-3.171038871649581
957,4,0.0,55.96940536036031,-3.171038871649581
957,5,0.0,55.96940536036031,-3.171038871649581
957,6,0.0,55.96940536036031,-3.171038871649581
957,7,0.0,55.96940536036031,-3.171038871649581
957,8,0.0,55.96940536036031,-3.171038871649581
957,9,0.0,55.96940536036031,-3.171038871649581
957,10,0.0,55.96940536036031,-3.171038871649581
957,11,0.0,55.96940536036031,-3.171038871649581
957,12,0.0,55.96940536036031,-3.171038871649581
957,13,0.0,55.96940536036031,-3.171038871649581
957,14,0.0,55.96940536036031,-3.171038871649581
957,15,0.0,55.96940536036031,-3.171038871649581
957,16,0.0,55.96940536036031,-3.171038871649581
957,17,0.0,55.96940536036031,-3.171038871649581
957,18,0.0,55.96940536036031,-3.171038871649581
957,19,0.0,55.96940536036031,-3.171038871649581
957,20,0.0,55.96940536036031,-3.171038871649581
957,21,0.0,55.96940536036031,-3.171038871649581
957,22,0.0,55.96940536036031,-3.171038871649581
957,23,0.0,55.96940536036031,-3.171038871649581
920,0,26.0,55.96490085585582,-3.154959842128612
920,1,0.0,55.96490085585582,-3.154959842128612
920,2,0.0,55.96490085585582,-3.154959842128612
920,3,0.0,55.96490085585582,-3.154959842128612
920,4,0.0,55.96490085585582,-3.154959842128612
920,5,0.0,55.96490085585582,-3.154959842128612
920,6,0.0,55.96490085585582,-3.154959842128612
920,7,0.0,55.96490085585582,-3.154959842128612
920,8,0.0,55.96490085585582,-3.154959842128612
920,9,0.0,55.96490085585582,-3.154959842128612
920,10,0.0,55.96490085585582,-3.154959842128612
920,11,0.0,55.96490085585582,-3.154959842128612
920,12,0.0,55.96490085585582,-3.154959842128612
920,13,0.0,55.96490085585582,-3.154959842128612
920,14,0.0,55.96490085585582,-3.154959842128612
920,15,0.0,55.96490085585582,-3.154959842128612
920,16,0.0,55.96490085585582,-3.154959842128612
920,17,0.0,55.96490085585582,-3.154959842128612
920,18,0.0,55.96490085585582,-3.154959842128612
920,19,0.0,55.96490085585582,-3.154959842128612
920,20,0.0,55.96490085585582,-3.154959842128612
920,21,0.0,55.96490085585582,-3.154959842128612
920,22,0.0,55.96490085585582,-3.154959842128612
920,23,0.0,55.96490085585582,-3.154959842128612
710,0,26.0,55.942378333333295,-3.2755525635358804
710,1,0.0,55.942378333333295,-3.2755525635358804
710,2,0.0,55.942378333333295,-3.2755525635358804
710,3,0.0,55.942378333333295,-3.2755525635358804
710,4,0.0,55.942378333333295,-3.2755525635358804
710,5,0.0,55.942378333333295,-3.2755525635358804
710,6,0.0,55.942378333333295,-3.2755525635358804
710,7,0.0,55.942378333333295,-3.2755525635358804
710,8,0.0,55.942378333333295,-3.2755525635358804
710,9,0.0,55.942378333333295,-3.2755525635358804
710,10,0.0,55.942378333333295,-3.2755525635358804
710,11,0.0,55.942378333333295,-3.2755525635358804
710,12,0.0,55.942378333333295,-3.2755525635358804
710,13,0.0,55.942378333333295,-3.2755525635358804
710,14,0.0,55.942378333333295,-3.2755525635358804
710,15,0.0,55.942378333333295,-3.2755525635358804
710,16,0.0,55.942378333333295,-3.2755525635358804
710,17,0.0,55.942378333333295,-3.2755525635358804
710,18,0.0,55.942378333333295,-3.2755525635358804
710,19,0.0,55.942378333333295,-3.2755525635358804
710,20,0.0,55.942378333333295,-3.2755525635358804
710,21,0.0,55.942378333333295,-3.2755525635358804
710,22,0.0,55.942378333333295,-3.2755525635358804
710,23,0.0,55.942378333333295,-3.2755525635358804
522,0,6.0,55.91985581081079,-3.2192759602124887
522,1,0.0,55.91985581081079,-3.2192759602124887
522,2,0.0,55.91985581081079,-3.2192759602124887
522,3,0.0,55.91985581081079,-3.2192759602124887
522,4,0.0,55.91985581081079,-3.2192759602124887
522,5,0.0,55.91985581081079,-3.2192759602124887
522,6,0.0,55.91985581081079,-3.2192759602124887
522,7,0.0,55.91985581081079,-3.2192759602124887
522,8,0.0,55.91985581081079,-3.2192759602124887
522,9,0.0,55.91985581081079,-3.2192759602124887
522,10,0.0,55.91985581081079,-3.2192759602124887
522,11,0.0,55.91985581081079,-3.2192759602124887
522,12,0.0,55.91985581081079,-3.2192759602124887
522,13,0.0,55.91985581081079,-3.2192759602124887
522,14,0.0,55.91985581081079,-3.2192759602124887
522,15,0.0,55.91985581081079,-3.2192759602124887
522,16,0.0,55.91985581081079,-3.2192759602124887
522,17,0.0,55.91985581081079,-3.2192759602124887
522,18,0.0,55.91985581081079,-3.2192759602124887
522,19,0.0,55.91985581081079,-3.2192759602124887
522,20,0.0,55.91985581081079,-3.2192759602124887
522,21,0.0,55.91985581081079,-3.2192759602124887
522,22,0.0,55.91985581081079,-3.2192759602124887
522,23,0.0,55.91985581081079,-3.2192759602124887
